,open,high,low,close
count,584.0,584.0,584.0,584.0
mean,96.51428035958904,98.17393955479453,94.64566933219179,96.50940496575342
std,42.99293127836499,43.56016748298714,42.21931591313076,42.9220487052183
min,27.002,27.247,26.225,26.241
25%,48.10725,48.54425,47.396499999999996,47.95375
50%,105.0575,108.86,103.055,106.4695
75%,132.4375,135.0,129.675,131.91
max,182.96,184.48,180.59,183.16
