age,income,score,zipcode,city,extra_data,MCAR_col,MAR_col,MNAR_col
34.0,55000.0,0.39999999999999947,90210,Beverly,23.5,55000.0,55000.0,
45.0,52000.0,1.0,10001,New York,42.0,52000.0,52000.0,
29.0,42000.0,0.29999999999999893,60614,Chicago,23.5,42000.0,42000.0,
50.0,58000.0,0.0,94103,SF,23.5,58000.0,58000.0,
38.0,52000.0,0.7999999999999998,73301,Austin,23.5,52000.0,52000.0,
41.0,49000.0,0.20000000000000018,94105,San Francisco,23.5,49000.0,49000.0,
